{"0": 0.5476169914365757, "1": 5.750226703906562}